Wafer Code,COD Percentage
QCHWK,0.4658385093167702
QCHWQ,10.822510822510822
QCHXD,0.2329192546583851
QCHXG,0.15527950310559005
QCHXL,0.3105590062111801
